{"cameraMode":{"drawMode":0,"name":"Shaded","section":"Shading Mode"},"sceneLighting":false,"audioPlay":false,"sceneViewState":{"showFog":true,"showMaterialUpdate":false,"showSkybox":true,"showFlares":true,"showImageEffects":true,"showParticleSystems":true},"in2DMode":false,"pivot":{"x":-589.8287353515625,"y":469.26055908203127,"z":-636.6878662109375},"rotation":{"x":0.1464225798845291,"y":0.02670222520828247,"z":-0.003973572514951229,"w":0.9888902902603149},"size":981.3325805664063,"orthographic":true}